,Fold,RMSE,SpearmanR,PearsonR
0,1,0.014022516177676097,0.3092275908500001,0.3540187572554568
1,2,0.014228827839650404,0.31888113753832337,0.3696004350332646
2,3,0.01436281313317202,0.31059872974897734,0.37274638334449645
3,4,0.01449209250384462,0.30284801497700004,0.3593437986566066
